{
    "train_mean": [
        63.92983473942586,
        52.48848676906318,
        22.225151974933024,
        38.871720956056784,
        2.430899495347253e-05,
        2.6587477310091982e-05,
        3.4606030201252995e-10,
        1.3817014334757374e-07,
        -0.01873366947341769,
        -0.25511828410859744,
        292.7657165183562,
        0.011775237494293846,
        98553.56739548493,
        370.2797973473791,
        64.57553864728492,
        27.356000000000005,
        19.619333333333387,
        0.002011511998478995,
        1.9551111042499543,
        0.5433333396911622,
        0.7547333280245463,
        0.28599999944369,
        0.3185333321491877,
        0.5956123366951942,
        1.204928183555603,
        1.662666630744934,
        764607.325,
        948116.4625,
        2052787.1083333334,
        0.5599184095859527
    ],
    "train_std": [
        110.97135970127583,
        94.55019847551743,
        35.36596130001907,
        51.78066956569985,
        5.858023795839021e-05,
        0.00010135538620944724,
        5.610206413319585e-08,
        5.152975116129746e-06,
        3.9877790948156195,
        4.10994997862171,
        8.260196281848224,
        0.005987771349449874,
        3021.5099021360797,
        61.381834100116144,
        2.0187949483240364,
        74.2737523669477,
        26.812848280048286,
        0.5941160223296073,
        1.8148526331252204,
        0.14360440054787388,
        0.16769474873598234,
        0.07543915530824667,
        0.11448077345313669,
        0.46764519695827905,
        0.21747852756426125,
        0.291169287646674,
        165175.43236415807,
        84513.40079393411,
        73073.49410519104,
        0.19634437563741375
    ],
    "scaled_train_fea_max": [
        4.194076327366613,
        4.270388273878634,
        6.5603267536007035,
        4.925092022433463,
        14.63697218388586,
        36.21851175105793,
        353.49875606884876,
        122.54177970787958,
        6.70848129194167,
        6.249734105986421,
        2.7949024638330013,
        2.5200702790458713,
        1.6566784425496996,
        2.371361793296674,
        2.573257370658317,
        1.2645645886892842,
        1.1815474383666793,
        1.66020861336556,
        2.889979172058981,
        1.787316781735951,
        0.949740973877005,
        1.7762649344168489,
        2.2839340081620976,
        1.5858757685830136,
        1.2192964053118105,
        0.8151039519311877,
        1.574220149125576,
        1.7694764121424507,
        0.6461011709704151,
        1.3925267431047506
    ],
    "scaled_train_fea_min": [
        -0.5760928380061908,
        -0.5551385787445319,
        -0.6284331320140731,
        -0.7506991225188319,
        -0.41496901857481494,
        -0.262319213255688,
        -0.00616840305861983,
        -0.026813651753076057,
        -6.349155800087784,
        -5.670697744492047,
        -4.353120540047295,
        -1.8624607806846847,
        -2.395048940913228,
        -3.028175439817253,
        -4.1156308917316755,
        -1.3647614464575402,
        -1.5980888460592195,
        -1.6669787761100956,
        -0.8127990198695865,
        -1.3462906194652986,
        -1.697925554303868,
        -1.9353336020850453,
        -1.1664252849019,
        -1.101022565269779,
        -2.307631743184828,
        -3.512273517390505,
        -1.2746522037139991,
        -1.5584787574515813,
        -3.6358821385042894,
        -2.4599386416544062
    ],
    "train_lab_mean": [
        294.1950928831689,
        0.012112261461421794,
        231.7192506835268
    ],
    "train_lab_std": [
        8.52408684974076,
        0.006227591570637372,
        5.612797026210815
    ],
    "scaled_train_lab_max": [
        3.1507357124244972,
        3.5013099903471483,
        2.062565712654603
    ],
    "scaled_train_lab_min": [
        -4.17583692624224,
        -1.8384157348387533,
        -4.060285298304308
    ]
}